THE Rank 2022,Name
1,University of Oxford United Kingdom
2,California Institute of Technology United States
2,Harvard University United States
4,Stanford University United States
5,University of Cambridge United Kingdom
5,Massachusetts Institute of Technology United States
7,Princeton University United States
8,"University of California, Berkeley United States"
9,Yale University United States
10,The University of Chicago United States
11,Columbia University United States
12,Imperial College London United Kingdom
13,Johns Hopkins University United States
13,University of Pennsylvania United States
15,ETH Zurich Switzerland
16,Peking University China Explore
16,Tsinghua University China Explore
18,University of Toronto Canada Explore
18,UCL United Kingdom
20,"University of California, Los Angeles United States"
21,National University of Singapore Singapore Explore
22,Cornell University United States
23,Duke University United States
24,University of Michigan-Ann Arbor United States
24,Northwestern University United States
26,New York University United States
27,London School of Economics and Political Science United Kingdom
28,Carnegie Mellon University United States
29,University of Washington United States
30,University of Edinburgh United Kingdom
30,University of Hong Kong Hong Kong
32,LMU Munich Germany Explore
33,University of Melbourne Australia
34,"University of California, San Diego United States"
35,King’s College London United Kingdom
35,The University of Tokyo Japan
37,University of British Columbia Canada
38,Technical University of Munich Germany
39,Karolinska Institute Sweden
40,École Polytechnique Fédérale de Lausanne Switzerland
40,Paris Sciences et Lettres – PSL Research University Paris France
42,Heidelberg University Germany
42,KU Leuven Belgium Explore
44,McGill University Canada
45,Georgia Institute of Technology United States
46,"Nanyang Technological University, Singapore Singapore"
47,University of Texas at Austin United States
48,University of Illinois at Urbana-Champaign United States
49,Chinese University of Hong Kong Hong Kong Explore
50,University of Manchester United Kingdom Explore
51,Washington University in St Louis United States
52,University of North Carolina at Chapel Hill United States
53,Wageningen University & Research Netherlands
54,Australian National University Australia
54,The University of Queensland Australia Explore
54,Seoul National University South Korea
57,Monash University Australia
58,University of Sydney Australia
58,University of Wisconsin-Madison United States
60,Fudan University China
61,Kyoto University Japan
62,Boston University United States
63,University of Southern California United States
64,Brown University United States
65,University of Amsterdam Netherlands Explore
66,The Hong Kong University of Science and Technology Hong Kong Explore
67,"University of California, Davis United States"
68,"University of California, Santa Barbara United States"
69,Utrecht University Netherlands Explore
70,UNSW Sydney Australia Explore
71,Leiden University Netherlands Explore
72,Erasmus University Rotterdam Netherlands Explore
73,Charité - Universitätsmedizin Berlin Germany
74,Humboldt University of Berlin Germany
75,Delft University of Technology Netherlands
75,Zhejiang University China Explore
75,University of Zurich Switzerland
78,University of Tübingen Germany
78,University of Warwick United Kingdom
80,University of Groningen Netherlands Explore
80,McMaster University Canada Explore
82,Emory University United States
83,Free University of Berlin Germany
84,Shanghai Jiao Tong University China Explore
85,Ohio State University (Main campus) United States
86,University of Glasgow United Kingdom Explore
86,University of Minnesota United States
88,University of Montreal Canada Explore
88,University of Science and Technology of China China Explore
88,Sorbonne University France
91,Hong Kong Polytechnic University Hong Kong Explore
91,Institut Polytechnique de Paris France Explore
92,University of Bristol United Kingdom
93,"University of Maryland, College Park United States"
93,Michigan State University United States
96,University of Copenhagen Denmark
96,Ghent University Belgium
98,"University of California, Irvine United States"
99,Dartmouth College United States
99,Korea Advanced Institute of Science and Technology (KAIST) South Korea
101,University of Bern Switzerland
101,University of Helsinki Finland
103,University of Basel Switzerland
104,Aarhus University Denmark
105,University of Birmingham United Kingdom
105,Nanjing University China
105,Purdue University West Lafayette United States
108,University of Freiburg Germany
108,RWTH Aachen University Germany
110,University of Sheffield United Kingdom
111,University of Adelaide Australia
112,University of Bonn Germany
113,National Taiwan University (NTU) Taiwan Explore
113,Vanderbilt University United States
115,Vrije Universiteit Amsterdam Netherlands
116,Lund University Sweden
117,Université Paris-Saclay France
117,Queen Mary University of London United Kingdom
119,University of Göttingen Germany
119,University of Oslo Norway
119,Penn State (Main campus) United States
122,Lancaster University United Kingdom
122,Sungkyunkwan University (SKKU) South Korea Explore
124,University of Southampton United Kingdom
125,University of Alberta Canada
126,Case Western Reserve University United States
127,University of Leeds United Kingdom
127,Maastricht University Netherlands
127,University of Virginia (Main campus) United States
130,Georgetown University United States
131,Uppsala University Sweden
132,Arizona State University (Tempe) United States Explore
132,University of Hamburg Germany Explore
132,The University of Western Australia Australia
136,Rice University United States
137,University of Auckland New Zealand Explore
137,University of Vienna Austria
139,Radboud University Nijmegen Netherlands Explore
139,Technical University of Berlin Germany
140,University of Pittsburgh-Pittsburgh campus United States
141,University of Nottingham United Kingdom
142,University of Rochester United States
143,University of Antwerp Belgium
143,University of Exeter United Kingdom Explore
143,University of Technology Sydney Australia Explore
146,University of Mannheim Germany
146,Newcastle University United Kingdom Explore
146,Trinity College Dublin Ireland Explore
146,Ulm University Germany
150,University of Arizona United States
151,City University of Hong Kong Hong Kong Explore
151,University of Sussex United Kingdom
151,Yonsei University (Seoul campus) South Korea Explore
154,University of Florida United States
155,Université Paris Cité France Explore
156,Pompeu Fabra University Spain
157,Wuhan University China Explore
158,University of Aberdeen United Kingdom
158,University of Colorado Boulder United States
158,Lomonosov Moscow State University Russian Federation
158,Université Catholique de Louvain Belgium
162,Durham University United Kingdom
162,University of Ottawa Canada Explore
162,Southern University of Science and Technology (SUSTech) China Explore
165,University of Würzburg Germany
166,Bielefeld University Germany
167,Indiana University United States
168,Northeastern University United States
169,University of York United Kingdom
170,Autonomous University of Barcelona Spain Explore
170,University of Canberra Australia
172,University of Bologna Italy Explore
172,University of Cologne Germany
172,TU Dresden Germany
172,Tufts University United States
176,University of Lausanne Switzerland
176,Stockholm University Sweden
178,University of Liverpool United Kingdom
178,Ulsan National Institute of Science and Technology (UNIST) South Korea Explore
180,Karlsruhe Institute of Technology Germany
181,Huazhong University of Science and Technology China Explore
182,University of East Anglia United Kingdom Explore
183,University of Cape Town South Africa Explore
183,University of Notre Dame United States
185,University of Gothenburg Sweden
185,University of Leicester United Kingdom
185,Pohang University of Science and Technology (POSTECH) South Korea Explore
185,Technical University of Denmark Denmark
189,Cardiff University United Kingdom Explore
190,King Abdulaziz University Saudi Arabia Explore
190,Rutgers University – New Brunswick United States
192,Macquarie University Australia Explore
193,University of Barcelona Spain Explore
193,Queensland University of Technology Australia Explore
193,Texas A&M University United States
196,Medical University of Graz Austria
197,University of Erlangen-Nuremberg Germany
197,University of Geneva Switzerland
197,University of Hohenheim Germany
197,Sapienza University of Rome Italy
197,Scuola Normale Superiore di Pisa Italy
201–250,Aalborg University Denmark Explore
201–250,Aalto University Finland
201–250,Alfaisal University Saudi Arabia Explore
201–250,Auckland University of Technology New Zealand Explore
201–250,University of Bath United Kingdom
201–250,University of Bergen Norway
201–250,Brighton and Sussex Medical School United Kingdom
201–250,University of Calgary Canada
201–250,"University of California, Santa Cruz United States"
201–250,Copenhagen Business School Denmark
201–250,University of Dundee United Kingdom Explore
201–250,Eindhoven University of Technology Netherlands
201–250,Friedrich Schiller University Jena Germany
201–250,George Washington University United States
201–250,Griffith University Australia Explore
201–250,University of Konstanz Germany
201–250,Korea University South Korea Explore
201–250,KTH Royal Institute of Technology Sweden
201–250,La Trobe University Australia
201–250,Université Libre de Bruxelles Belgium
201–250,University of Macau Macao Explore
201–250,University of Massachusetts United States
201–250,Medical University of Innsbruck Austria
201–250,Medical University of Vienna Austria
201–250,University of Miami United States
201–250,Moscow Institute of Physics and Technology (MIPT) Russian Federation
201–250,University of Münster Germany
201–250,University of Otago New Zealand
201–250,University of Padua Italy
201–250,Queen’s University Belfast United Kingdom Explore
201–250,RCSI University of Medicine and Health Sciences Ireland Explore
201–250,University of Reading United Kingdom
201–250,"St George’s, University of London United Kingdom"
201–250,Sant’Anna School of Advanced Studies – Pisa Italy
201–250,University of São Paulo Brazil
201–250,Simon Fraser University Canada Explore
201–250,University of South Florida United States
201–250,University of St Andrews United Kingdom
201–250,University of Surrey United Kingdom
201–250,Taipei Medical University Taiwan Explore
201–250,Tel Aviv University Israel
201–250,Tilburg University Netherlands
201–250,Tohoku University Japan
201–250,University of Twente Netherlands
201–250,University College Dublin Ireland
201–250,Vita-Salute San Raffaele University Italy
201–250,University of Waterloo Canada Explore
201–250,Western University Canada
201–250,Western Sydney University Australia
201–250,University of Wollongong Australia Explore
251–300,Australian Catholic University Australia
251–300,Beijing Normal University China
251–300,Boston College United States
251–300,Brandeis University United States
251–300,University at Buffalo United States
251–300,"University of California, Riverside United States"
251–300,Chalmers University of Technology Sweden
251–300,University of Colorado Denver/Anschutz Medical Campus United States
251–300,Curtin University Australia Explore
251–300,Dalhousie University Canada Explore
251–300,Deakin University Australia
251–300,University of Duisburg-Essen Germany Explore
251–300,Heinrich Heine University Düsseldorf Germany
251–300,École des Ponts ParisTech France
251–300,Flinders University Australia Explore
251–300,Florida State University United States
251–300,George Mason University United States
251–300,University of Hawai’i at Mānoa United States
251–300,Howard University United States
251–300,University of Iowa United States
251–300,James Cook University Australia
251–300,University of Kiel Germany
251–300,Kyung Hee University South Korea Explore
251–300,Lappeenranta-Lahti University of Technology LUT Finland Explore
251–300,Université Laval Canada Explore
251–300,Linköping University Sweden
251–300,University of Luxembourg Luxembourg
251–300,Macau University of Science and Technology Macao Explore
251–300,University of Navarra Spain
251–300,University of Newcastle Australia
251–300,University of New Mexico (Main campus) United States
251–300,Oregon Health and Science University United States
251–300,University of Oulu Finland Explore
251–300,University of Potsdam Germany Explore
251–300,Queen’s University Canada Explore
251–300,Ruhr University Bochum Germany
251–300,Sejong University South Korea
251–300,Semmelweis University Hungary Explore
251–300,University of Southern Denmark Denmark
251–300,Stellenbosch University South Africa Explore
251–300,Sun Yat-sen University China Explore
251–300,Swansea University United Kingdom
251–300,Tampere University Finland
251–300,University of Tartu Estonia
251–300,University College Cork Ireland
251–300,University of Utah United States
251–300,Virginia Polytechnic Institute and State University United States Explore
251–300,Vrije Universiteit Brussel Belgium
251–300,University of the Witwatersrand South Africa Explore
301–350,Aix-Marseille University France
301–350,American University of Beirut Lebanon
301–350,Anglia Ruskin University (ARU) United Kingdom
301–350,Autonomous University of Madrid Spain
301–350,University of Bordeaux France Explore
301–350,"University of California, Merced United States"
301–350,University of Cape Coast Ghana Explore
301–350,Central South University China Explore
301–350,"China Medical University, Taiwan Taiwan"
301–350,University of Delaware United States
301–350,East China Normal University China Explore
301–350,École Normale Supérieure de Lyon France
301–350,University of Essex United Kingdom
301–350,Goethe University Frankfurt Germany
301–350,Hebrew University of Jerusalem Israel
301–350,Hofstra University United States
301–350,HSE University Russian Federation
301–350,University of Illinois at Chicago United States
301–350,Indian Institute of Science India
301–350,Johannes Gutenberg University of Mainz Germany
301–350,University of Malaya Malaysia
301–350,University of Manitoba Canada
301–350,University of Milan Italy
301–350,University of Milan-Bicocca Italy
301–350,Montpellier University France
301–350,Nankai University China Explore
301–350,National Yang Ming Chiao Tung University Taiwan
301–350,North Carolina State University United States
301–350,Nova Southeastern University United States
301–350,Osaka University Japan
301–350,Peter the Great St Petersburg Polytechnic University Russian Federation
301–350,Qatar University Qatar
301–350,Reykjavík University Iceland
301–350,RMIT University Australia
301–350,University of Rome II – Tor Vergata Italy
301–350,Rush University United States
301–350,University of St Gallen Switzerland
301–350,University of South Australia Australia
301–350,University of Stirling United Kingdom Explore
301–350,Stony Brook University United States
301–350,University of Stuttgart Germany
301–350,Università della Svizzera italiana Switzerland
301–350,Swedish University of Agricultural Sciences Sweden
301–350,Swinburne University of Technology Australia
301–350,University of Tasmania Australia
301–350,Technical University of Darmstadt Germany
301–350,Temple University United States
301–350,The University of Tennessee-Knoxville United States
301–350,Tokyo Institute of Technology Japan
301–350,Tongji University China Explore
301–350,University of Victoria Canada
301–350,Wake Forest University United States
301–350,William & Mary United States
351–400,Babol Noshirvani University of Technology Iran
351–400,University of Bayreuth Germany
351–400,"Birkbeck, University of London United Kingdom"
351–400,Bournemouth University United Kingdom
351–400,University of Bremen Germany
351–400,University of Brescia Italy
351–400,Universiti Brunei Darussalam Brunei Darussalam Explore
351–400,Brunel University London United Kingdom
351–400,Catholic University of Portugal Portugal
351–400,"City, University of London United Kingdom"
351–400,"Colorado State University, Fort Collins United States"
351–400,Drexel University United States
351–400,University of Georgia United States
351–400,University of Greifswald Germany
351–400,Université Grenoble Alpes France
351–400,University of Hail Saudi Arabia
351–400,Hanyang University South Korea Explore
351–400,Harokopio University Greece
351–400,Hasselt University Belgium
351–400,Illinois Institute of Technology United States
351–400,IMT Atlantique France
351–400,Indian Institute of Technology Ropar India
351–400,JSS Academy of Higher Education and Research India
351–400,University of Jyväskylä Finland
351–400,University of Kent United Kingdom
351–400,Khalifa University United Arab Emirates Explore
351–400,King Fahd University of Petroleum and Minerals Saudi Arabia
351–400,King Saud University Saudi Arabia
351–400,University of Klagenfurt Austria
351–400,Kurdistan University of Medical Sciences Iran
351–400,University of KwaZulu-Natal South Africa Explore
351–400,University of Liège Belgium
351–400,Loughborough University United Kingdom
351–400,Mazandaran University of Medical Sciences Iran
351–400,Nagoya University Japan
351–400,"National University of Ireland, Galway Ireland"
351–400,National Tsing Hua University Taiwan
351–400,University of Oregon United States
351–400,University of Passau Germany
351–400,University of Pavia Italy
351–400,Politecnico di Milano Italy Explore
351–400,"Royal Holloway, University of London United Kingdom"
351–400,Shenzhen University China Explore
351–400,SUNY University at Albany United States
351–400,Syracuse University United States
351–400,University of Texas at Dallas United States
351–400,University of Trento Italy
351–400,University of Turku Finland
351–400,UiT The Arctic University of Norway Norway
351–400,Umeå University Sweden
351–400,United Arab Emirates University United Arab Emirates Explore
351–400,Washington State University United States
401–500,Addis Ababa University Ethiopia
401–500,University of Alaska Fairbanks United States
401–500,An-Najah National University Palestine
401–500,Aston University United Kingdom
401–500,Aswan University Egypt
401–500,Bangor University United Kingdom
401–500,University of Campinas Brazil
401–500,Cankaya University Turkey
401–500,Claude Bernard University Lyon 1 France
401–500,Colorado School of Mines United States
401–500,University of Connecticut United States
401–500,University of Côte d’Azur France
401–500,University of Crete Greece
401–500,University of Cyprus Cyprus Explore
401–500,University of Denver United States
401–500,Durban University of Technology South Africa
401–500,Duy Tan University Vietnam
401–500,École des Mines de Saint-Étienne France
401–500,Edith Cowan University Australia Explore
401–500,University of Ferrara Italy
401–500,University of Florence Italy
401–500,Free University of Bozen-Bolzano Italy
401–500,University of Fribourg Switzerland
401–500,University of Genoa Italy
401–500,Georgia State University United States
401–500,"Goldsmiths, University of London United Kingdom"
401–500,Hong Kong Baptist University Hong Kong Explore
401–500,Hunan University China
401–500,University of Ibadan Nigeria
401–500,University of Iceland Iceland
401–500,Indian Institute of Technology Indore India
401–500,University of Innsbruck Austria
401–500,University of Insubria Italy
401–500,Iowa State University United States
401–500,Jacobs University Germany Explore
401–500,Jordan University of Science and Technology Jordan
401–500,Justus Liebig University Giessen Germany
401–500,University of Kansas United States
401–500,University of Kragujevac Serbia
401–500,Leibniz University Hannover Germany
401–500,Institut Agro France
401–500,Liverpool John Moores University United Kingdom
401–500,University of Marburg Germany
401–500,Middlesex University United Kingdom
401–500,Missouri University of Science and Technology United States
401–500,University of Modena and Reggio Emilia Italy
401–500,University of Naples Federico II Italy
401–500,National and Kapodistrian University of Athens Greece
401–500,National Research Nuclear University MEPhI Russian Federation
401–500,University of Nebraska-Lincoln United States
401–500,Northumbria University United Kingdom
401–500,Norwegian University of Science and Technology Norway
401–500,NOVA University of Lisbon Portugal
401–500,"University of Occupational and Environmental Health, Japan Japan Explore"
401–500,Örebro University Sweden
401–500,University of Peradeniya Sri Lanka
401–500,University of Pisa Italy
401–500,University of Plymouth United Kingdom
401–500,Pontificia Universidad Católica de Chile Chile
401–500,University of Porto Portugal
401–500,Universitat Ramon Llull Spain
401–500,Royal Veterinary College United Kingdom
401–500,Saint-Petersburg Mining University Russian Federation
401–500,University of Salerno Italy
401–500,Sciences Po France
401–500,Sharif University of Technology Iran
401–500,University of Sharjah United Arab Emirates
401–500,Sichuan University China Explore
401–500,SOAS University of London United Kingdom Explore
401–500,University of South Carolina-Columbia United States
401–500,South China University of Technology China
401–500,Southern Medical University China
401–500,University of Southern Queensland Australia
401–500,SRUC (Scotland’s Rural College) United Kingdom
401–500,University of Stavanger Norway
401–500,University of Strathclyde United Kingdom
401–500,University of Tabuk Saudi Arabia
401–500,Technion Israel Institute of Technology Israel
401–500,Tianjin University China
401–500,Ton Duc Thang University Vietnam Explore
401–500,TU Dortmund University Germany
401–500,Tulane University United States
401–500,University of Turin Italy
401–500,TU Wien Austria
401–500,University of Vaasa Finland Explore
401–500,University of Valencia Spain
401–500,Verona University Italy
401–500,University of Vic – Central University of Catalonia Spain
401–500,Victoria University Australia
401–500,University of Waikato New Zealand
401–500,Wayne State University United States
401–500,University of the West of England United Kingdom
401–500,The University of the West Indies Jamaica Explore
401–500,Xiamen University China
401–500,Xi’an Jiaotong University China
401–500,Yokohama City University Japan
401–500,York University Canada Explore
501–600,Aberystwyth University United Kingdom
501–600,Alagappa University India
501–600,American University United States
501–600,Amirkabir University of Technology Iran
501–600,University of L’Aquila Italy
501–600,"Asia University, Taiwan Taiwan"
501–600,Universidad Autónoma de Chile Chile
501–600,University of Bari Aldo Moro Italy
501–600,Beihang University China
501–600,Beijing University of Chemical Technology China
501–600,Birmingham City University United Kingdom
501–600,Bond University Australia
501–600,Bucharest University of Economic Studies Romania
501–600,University of Camerino (Unicam) Italy
501–600,University of Canterbury New Zealand Explore
501–600,Capital Medical University China
501–600,Centrale Nantes France
501–600,CEU Universities Spain
501–600,Charles Darwin University Australia
501–600,Charles University in Prague Czech Republic
501–600,Clark University United States
501–600,Complutense University of Madrid Spain
501–600,University of Costa Rica Costa Rica
501–600,Cyprus University of Technology Cyprus
501–600,University of Desarrollo Chile Explore
501–600,Diego Portales University Chile
501–600,Don State Technical University Russian Federation
501–600,Dublin City University Ireland
501–600,University of Eastern Finland Finland
501–600,Eastern Mediterranean University Northern Cyprus Explore
501–600,Edinburgh Napier University United Kingdom
501–600,University of Electronic Science and Technology of China China Explore
501–600,Federal University of Toulouse Midi-Pyrénées France
501–600,Ferhat Abbas Sétif University 1 Algeria
501–600,Florida International University United States Explore
501–600,University of Guelph Canada
501–600,Gwangju Institute of Science and Technology South Korea
501–600,Harbin Institute of Technology China
501–600,Heriot-Watt University United Kingdom
501–600,Hokkaido University Japan
501–600,University of International Business and Economics China Explore
501–600,Iran University of Medical Sciences Iran
501–600,"Islamic Azad University, Najafabad Branch (IAUN) Iran"
501–600,Jagiellonian University Poland
501–600,Kafrelsheikh University Egypt
501–600,Keele University United Kingdom
501–600,University of Kentucky United States
501–600,Koç University Turkey
501–600,Kyushu University Japan
501–600,University of Lagos Nigeria
501–600,University of Lille France
501–600,Lincoln University New Zealand
501–600,University of Lincoln United Kingdom
501–600,University of Lisbon Portugal
501–600,Mansoura University Egypt
501–600,Maynooth University Ireland
501–600,University of Messina Italy
501–600,Mizzou - University of Missouri United States
501–600,University of Mohaghegh Ardabili Iran
501–600,University of Montana United States
501–600,Murdoch University Australia Explore
501–600,University of Nairobi Kenya
501–600,University of Nebraska Medical Center United States
501–600,New Jersey Institute of Technology United States
501–600,Northern Arizona University United States
501–600,North-West University South Africa
501–600,Northwestern Polytechnical University China Explore
501–600,Nottingham Trent University United Kingdom
501–600,Oklahoma State University United States
501–600,University of Perugia Italy
501–600,Plekhanov Russian University of Economics Russian Federation
501–600,Polytechnic University of Bari Italy
501–600,Pontifical Javeriana University Colombia
501–600,University of Portsmouth United Kingdom
501–600,Quaid-i-Azam University Pakistan
501–600,Rensselaer Polytechnic Institute United States
501–600,Riga Stradiņš University Latvia
501–600,Sabancı University Turkey Explore
501–600,Saint Louis University United States
501–600,University of Sannio Italy
501–600,University of Saskatchewan Canada Explore
501–600,University of Sassari Italy
501–600,Southeast University China
501–600,Southwestern University of Finance and Economics China
501–600,University of Strasbourg France
501–600,Suez Canal University Egypt
501–600,Sumy State University Ukraine
501–600,Universiti Teknologi Petronas Malaysia
501–600,Thapar Institute of Engineering and Technology India Explore
501–600,Tokyo Medical and Dental University (TMDU) Japan
501–600,University of Trieste Italy
501–600,University of Tsukuba Japan
501–600,University of Tuscia Italy
501–600,University of Urbino Carlo Bo Italy
501–600,Urmia University of Medical Sciences Iran
501–600,Victoria University of Wellington New Zealand Explore
501–600,University of the West of Scotland United Kingdom
501–600,Zhejiang Normal University China
601–800,Abdul Wali Khan University Mardan Pakistan
601–800,Åbo Akademi University Finland
601–800,Ahvaz Jundishapur University of Medical Sciences (AJUMS) Iran
601–800,The University of Aizu Japan
601–800,Ajou University South Korea
601–800,The University of Alabama United States
601–800,University of Alabama in Huntsville United States
601–800,University of Alcalá Spain
601–800,Aristotle University of Thessaloniki Greece
601–800,University of Arkansas United States
601–800,Auburn University United States
601–800,Azarbaijan Shahid Madani University Iran
601–800,University of the Balearic Islands Spain
601–800,Banaras Hindu University India
601–800,Bar-Ilan University Israel
601–800,Beijing Institute of Technology China
601–800,University of Beira Interior Portugal
601–800,University of Bergamo Italy
601–800,Bilkent University Turkey
601–800,Université Bourgogne Franche-Comté (UBFC) France
601–800,University of Bradford United Kingdom
601–800,University of Brighton United Kingdom
601–800,Ca’ Foscari University of Venice Italy
601–800,Cairo University Egypt
601–800,University of Calabria Italy
601–800,Carleton University Canada
601–800,University of Catania Italy
601–800,University of Central Florida United States
601–800,Institute of Chemical Technology India
601–800,China Agricultural University China
601–800,Chongqing University China Explore
601–800,Chung-Ang University South Korea
601–800,University of Coimbra Portugal
601–800,Concordia University Canada
601–800,Covenant University Nigeria Explore
601–800,Coventry University United Kingdom Explore
601–800,CY Cergy Paris University France
601–800,Dalian University of Technology China
601–800,Delhi Technological University India
601–800,De Montfort University United Kingdom
601–800,University of Derby United Kingdom
601–800,University of Deusto Spain
601–800,Eötvös Loránd University Hungary Explore
601–800,Ewha Womans University South Korea
601–800,Federal University of Minas Gerais Brazil
601–800,Universidade Federal do Rio Grande do Sul Brazil
601–800,Universidade Federal de Sergipe Brazil
601–800,Federation University Australia Australia Explore
601–800,Gabriele d‘Annunzio University Italy
601–800,University of Girona Spain
601–800,Glasgow Caledonian University United Kingdom
601–800,Government College University Faisalabad Pakistan
601–800,University of Granada Spain
601–800,University of Graz Austria
601–800,Graz University of Technology Austria
601–800,University of Greenwich United Kingdom
601–800,Guangdong University of Technology China
601–800,Guangzhou University China
601–800,Hacettepe University Turkey
601–800,University of Haifa Israel
601–800,Hamburg University of Technology Germany
601–800,Hazara University Mansehra Pakistan
601–800,University of Hertfordshire United Kingdom
601–800,University of Houston United States
601–800,Huazhong Agricultural University China
601–800,University of Huddersfield United Kingdom
601–800,University of Hull United Kingdom
601–800,University of Idaho United States
601–800,Indian Institute of Technology Gandhinagar India
601–800,Indraprastha Institute of Information Technology Delhi India
601–800,"International Institute of Information Technology, Hyderabad India"
601–800,"International Islamic University, Islamabad Pakistan"
601–800,Iran University of Science and Technology Iran
601–800,ISCTE-University Institute of Lisbon Portugal
601–800,Istanbul Technical University Turkey
601–800,ITMO University Russian Federation
601–800,Jamia Millia Islamia India
601–800,Jawaharlal Nehru University India
601–800,Jinan University China Explore
601–800,University of Johannesburg South Africa Explore
601–800,Johannes Kepler University of Linz Austria
601–800,University of Kaiserslautern Germany
601–800,Kansai Medical University Japan
601–800,University of Kashan Iran
601–800,Kashan University of Medical Sciences and Health Services Iran
601–800,Universiti Kebangsaan Malaysia Malaysia
601–800,Keio University Japan
601–800,Kerman University of Medical Sciences Iran
601–800,Kobe University Japan
601–800,Konkuk University South Korea
601–800,University of Kurdistan Iran
601–800,Kyungpook National University South Korea Explore
601–800,University of La Laguna Spain
601–800,University of Latvia Latvia
601–800,Lehigh University United States
601–800,University of Limerick Ireland
601–800,Lithuanian University of Health Sciences Lithuania
601–800,University of Lorraine France
601–800,Louisiana State University United States
601–800,Lviv Polytechnic National University Ukraine
601–800,Mae Fah Luang University Thailand
601–800,Mahatma Gandhi University India
601–800,Mahidol University Thailand Explore
601–800,Makerere University Uganda
601–800,University of Malakand Pakistan
601–800,Manchester Metropolitan University United Kingdom
601–800,Marche Polytechnic University Italy
601–800,"University of Maryland, Baltimore County United States"
601–800,Mashhad University of Medical Sciences Iran
601–800,Massey University New Zealand
601–800,Memorial University of Newfoundland Canada Explore
601–800,Middle East Technical University Turkey
601–800,University of Missouri-St Louis United States
601–800,Montana State University United States
601–800,Monterrey Institute of Technology Mexico Explore
601–800,Moscow State University of Civil Engineering Russian Federation
601–800,Nanjing Medical University China
601–800,University of Nantes France
601–800,National Cheng Kung University (NCKU) Taiwan Explore
601–800,National Institute of Applied Sciences of Lyon (INSA Lyon) France
601–800,National University of Science and Technology (MISiS) Russian Federation
601–800,National Taiwan Normal University Taiwan Explore
601–800,National Taiwan University of Science and Technology (Taiwan Tech) Taiwan Explore
601–800,University of Neuchâtel Switzerland
601–800,University of New Brunswick UNB Canada
601–800,University of Nicosia Cyprus Explore
601–800,Nippon Medical School Japan
601–800,Northern Illinois University United States
601–800,Norwegian University of Life Sciences Norway
601–800,Ohio University (Main campus) United States
601–800,Ontario Tech University Canada
601–800,The Open University United Kingdom
601–800,Open University of Catalonia Spain
601–800,Oran 1 University Algeria
601–800,Oxford Brookes University United Kingdom
601–800,University of Palermo Italy
601–800,Panjab University India
601–800,Panthéon-Sorbonne University – Paris 1 France
601–800,University of Parma Italy
601–800,Parthenope University of Naples Italy
601–800,Universidad Peruana Cayetano Heredia Peru
601–800,University of Peshawar Pakistan
601–800,University of the Philippines Philippines
601–800,Universitat Politècnica de Catalunya Spain
601–800,Polytechnic University of Turin Italy
601–800,University of Pretoria South Africa Explore
601–800,Prince Sattam Bin Abdulaziz University Saudi Arabia
601–800,Universiti Putra Malaysia Malaysia
601–800,Université du Québec Canada
601–800,University of Regensburg Germany
601–800,University of Regina Canada
601–800,Renmin University of China China
601–800,University of Rhode Island United States
601–800,University of Rome III Italy
601–800,Roskilde University Denmark
601–800,Rovira i Virgili University Spain
601–800,RUDN University Russian Federation
601–800,Sahand University of Technology Iran
601–800,Universiti Sains Malaysia Malaysia
601–800,Saint Petersburg State University Russian Federation
601–800,San Diego State University United States
601–800,Saveetha University India
601–800,Shahid Beheshti University of Medical Sciences Iran
601–800,Shanghai University China
601–800,Shiraz University of Technology Iran
601–800,University of Siegen Germany
601–800,University of Siena Italy
601–800,Soochow University China Explore
601–800,Southern Cross University Australia
601–800,Stevens Institute of Technology United States
601–800,University of the Sunshine Coast Australia Explore
601–800,SUNY Binghamton University United States
601–800,University of Tabriz Iran
601–800,Tabriz University of Medical Sciences Iran
601–800,Tallinn University of Technology Estonia
601–800,Tehran University of Medical Sciences Iran
601–800,Universiti Teknologi Malaysia Malaysia
601–800,University of Texas at Arlington United States
601–800,The University of Texas at San Antonio United States
601–800,Texas Tech University United States
601–800,Tokyo Metropolitan University Japan Explore
601–800,University of Toledo United States
601–800,Tomsk State University Russian Federation
601–800,TU Braunschweig Germany
601–800,University of Udine Italy
601–800,University of Ulsan South Korea
601–800,Ulster University United Kingdom
601–800,Umm Al-Qura University Saudi Arabia
601–800,Universiti Utara Malaysia Malaysia
601–800,University of Warsaw Poland
601–800,Wenzhou University China
601–800,Wenzhou Medical University China
601–800,University of the Western Cape South Africa
601–800,University of Windsor Canada
601–800,University of Wisconsin-Milwaukee United States
601–800,Worcester Polytechnic Institute United States
601–800,University of Wuppertal Germany
601–800,University of Wyoming United States
601–800,Xi’an Jiaotong-Liverpool University China Explore
601–800,Zayed University United Arab Emirates
801–1000,University of the Aegean Greece
801–1000,"University of Agriculture, Faisalabad Pakistan"
801–1000,Al-Balqa Applied University Jordan
801–1000,University of Algarve Portugal
801–1000,Aligarh Muslim University India
801–1000,Amedeo Avogadro University of Eastern Piedmont Italy
801–1000,American University in Cairo Egypt
801–1000,American University of Sharjah United Arab Emirates
801–1000,Amrita Vishwa Vidyapeetham India
801–1000,"University of the Andes, Colombia Colombia"
801–1000,Anna University India
801–1000,Arts et Métiers France
801–1000,Athens University of Economics and Business Greece
801–1000,University of Aveiro Portugal Explore
801–1000,Bahçeşehir University Turkey
801–1000,University of the Basque Country Spain
801–1000,Bauman Moscow State Technical University Russian Federation
801–1000,Baylor University United States
801–1000,University of Bedfordshire United Kingdom
801–1000,University of Belgrade Serbia
801–1000,Ben-Gurion University of the Negev Israel
801–1000,Benha University Egypt
801–1000,Beni-Suef University Egypt
801–1000,Bharathiar University India
801–1000,"Birla Institute of Technology and Science, Pilani India"
801–1000,Boğaziçi University Turkey
801–1000,Carlos III University of Madrid Spain Explore
801–1000,University of Central Lancashire United Kingdom
801–1000,Central Queensland University Australia Explore
801–1000,Chang Gung University Taiwan
801–1000,Chapman University United States
801–1000,Charles Sturt University Australia
801–1000,University of Chile Chile
801–1000,"China University of Geosciences, Beijing China"
801–1000,"China University of Geosciences, Wuhan China"
801–1000,China University of Mining and Technology China
801–1000,"China University of Petroleum, Beijing China"
801–1000,Chulalongkorn University Thailand Explore
801–1000,Clarkson University United States
801–1000,Clemson University United States
801–1000,University of Clermont Auvergne France
801–1000,University of Colombo Sri Lanka
801–1000,COMSATS University Islamabad Pakistan
801–1000,University of Córdoba Spain
801–1000,Creighton University United States
801–1000,University of Debrecen Hungary Explore
801–1000,University of Delhi India
801–1000,University of Dhaka Bangladesh
801–1000,Donghua University China
801–1000,East China University of Science and Technology China
801–1000,University of East London United Kingdom
801–1000,École Centrale de Lyon France
801–1000,Edge Hill University United Kingdom
801–1000,Estonian University of Life Sciences Estonia
801–1000,European University of Madrid Spain
801–1000,Universidade Federal de Santa Catarina Brazil
801–1000,Universidade Federal de São Paulo (UNIFESP) Brazil
801–1000,Florida Agricultural and Mechanical University United States
801–1000,Florida Atlantic University United States
801–1000,Florida Institute of Technology United States
801–1000,University of Foggia Italy
801–1000,University of Fortaleza (UNIFOR) Brazil
801–1000,Fujita Health University Japan Explore
801–1000,Fuzhou University China
801–1000,Hiroshima University Japan
801–1000,Reichman University Israel
801–1000,Imam Abdulrahman Bin Faisal University Saudi Arabia Explore
801–1000,"Indian Institute of Science Education and Research, Pune India"
801–1000,Indian Institute of Science Education and Research Kolkata India
801–1000,Indian Institute of Technology Patna India
801–1000,University of Indonesia Indonesia
801–1000,Universitat Internacional de Catalunya Spain
801–1000,University of Ioannina Greece
801–1000,Isfahan University of Medical Sciences Iran
801–1000,Isfahan University of Technology Iran
801–1000,Istanbul University-Cerrahpaşa Turkey
801–1000,Istanbul Medeniyet University Turkey
801–1000,Iuliu Haţieganu University of Medicine and Pharmacy Cluj-Napoca Romania
801–1000,Jadavpur University India
801–1000,University of Jaén Spain
801–1000,Jaume I University Spain
801–1000,Jiangsu University China Explore
801–1000,Jiangsu Normal University China
801–1000,The Jikei University School of Medicine Japan
801–1000,The University of Jordan Jordan
801–1000,Juntendo University Japan
801–1000,Kalasalingam Academy of Research and Education India
801–1000,Kansas State University United States
801–1000,Karlstad University Sweden
801–1000,Kazan Federal University Russian Federation
801–1000,Kent State University United States
801–1000,KIIT University India Explore
801–1000,Kindai University Japan
801–1000,King Khalid University Saudi Arabia
801–1000,King Mongkut’s University of Technology Thonburi Thailand
801–1000,King Saud bin Abdulaziz University for Health Sciences Saudi Arabia
801–1000,Kingston University United Kingdom
801–1000,Kurume University Japan
801–1000,Kuwait University Kuwait Explore
801–1000,Lahore University of Management Sciences Pakistan Explore
801–1000,Lakehead University Canada Explore
801–1000,Lebanese American University Lebanon
801–1000,Leeds Beckett University United Kingdom
801–1000,University of Leoben Austria
801–1000,University of Ljubljana Slovenia
801–1000,University of Lleida Spain
801–1000,London South Bank University United Kingdom
801–1000,University of Malta Malta
801–1000,University of Maragheh Iran
801–1000,Marquette University United States
801–1000,Masaryk University Czech Republic
801–1000,University of Memphis United States
801–1000,Menoufia University Egypt
801–1000,Metropolitan Autonomous University Mexico
801–1000,Miguel Hernández University of Elche Spain
801–1000,University of Minho Portugal
801–1000,University of Namur Belgium
801–1000,Nanjing University of Information Science and Technology China
801–1000,Nanjing Normal University China
801–1000,Nanjing Tech University China Explore
801–1000,National Autonomous University of Mexico Mexico
801–1000,National Institute of Technology Rourkela India
801–1000,National University of Sciences and Technology Pakistan
801–1000,National Sun Yat-Sen University Taiwan
801–1000,National Technical University of Athens Greece
801–1000,National Institute of Technology Silchar India
801–1000,Near East University Northern Cyprus
801–1000,"University of Nevada, Las Vegas United States"
801–1000,The New School United States
801–1000,New Mexico State University (Main campus) United States
801–1000,Niigata University Japan Explore
801–1000,Normandy University France
801–1000,University of North Carolina at Charlotte United States
801–1000,University of North Carolina at Greensboro United States
801–1000,Northeastern University China
801–1000,Northeast Normal University China
801–1000,University of Northern British Columbia (UNBC) Canada
801–1000,NorthWest A&F University China
801–1000,Novosibirsk State University Russian Federation
801–1000,Old Dominion University United States
801–1000,University of Oviedo Spain
801–1000,Palacký University Olomouc Czech Republic
801–1000,University of Patras Greece
801–1000,University of Pécs Hungary Explore
801–1000,Universiti Pendidikan Sultan Idris Malaysia
801–1000,Polytechnic University of Valencia Spain
801–1000,Pontifical Catholic University of Rio de Janeiro (PUC-Rio) Brazil
801–1000,Pontifical Catholic University of Rio Grande do Sul (PUCRS) Brazil
801–1000,Portland State University United States
801–1000,Pusan National University South Korea Explore
801–1000,Qingdao University China
801–1000,University of Rennes 1 France
801–1000,Rochester Institute of Technology United States
801–1000,University of Roehampton United Kingdom
801–1000,Toronto Metropolitan University Canada Explore
801–1000,University of Salamanca Spain
801–1000,University of Salento Italy
801–1000,University of Salford United Kingdom
801–1000,Universidad San Francisco de Quito Ecuador
801–1000,University of Santiago de Compostela Spain
801–1000,Savitribai Phule Pune University India
801–1000,University of Science and Technology Beijing China
801–1000,Shahid Beheshti University Iran
801–1000,Shanghai University of Finance and Economics (SUFE) China
801–1000,Shantou University China
801–1000,Sheffield Hallam University United Kingdom
801–1000,Shiraz University Iran
801–1000,Shiraz University of Medical Sciences Iran
801–1000,Sidi Mohamed Ben Abdellah University Morocco
801–1000,University of South Africa South Africa
801–1000,University of South Bohemia in České Budějovice Czech Republic
801–1000,South China Normal University China
801–1000,University of South Dakota United States
801–1000,South Valley University Egypt
801–1000,St Francis Xavier University Canada
801–1000,Sultan Qaboos University Oman
801–1000,Symbiosis International University India Explore
801–1000,University of Szeged Hungary
801–1000,Technical University of Crete Greece
801–1000,Technical University of Madrid Spain
801–1000,"University of Technology, Iraq Iraq"
801–1000,University of Tehran Iran
801–1000,Teikyo University Japan
801–1000,Universiti Tenaga Nasional (UNITEN) Malaysia
801–1000,University of Texas at El Paso United States
801–1000,University of Texas Rio Grande Valley United States
801–1000,University of Thessaly Greece
801–1000,Tomsk Polytechnic University Russian Federation
801–1000,University of Trás-os-Montes and Alto Douro Portugal
801–1000,Tribhuvan University Nepal
801–1000,Veltech University India
801–1000,Vilnius University Lithuania
801–1000,VIT University India
801–1000,Waseda University Japan
801–1000,University of Westminster United Kingdom
801–1000,Wuhan University of Technology China
801–1000,Xidian University China
801–1000,Yasouj University Iran
801–1000,Yeungnam University South Korea
801–1000,Zagazig University Egypt
801–1000,Zewail City of Science and Technology Egypt
801–1000,Zhejiang University of Finance and Economics China
1001–1200,Acharya Nagarjuna University India
1001–1200,University of A Coruña Spain
1001–1200,"Adam Mickiewicz University, Poznań Poland"
1001–1200,Aichi Medical University Japan
1001–1200,Ain Shams University Egypt
1001–1200,Al-Azhar University Egypt
1001–1200,Alexandria University Egypt
1001–1200,University of Almería Spain
1001–1200,"University of the Andes, Chile Chile"
1001–1200,University of Antioquia Colombia
1001–1200,Assiut University Egypt
1001–1200,Atatürk University Turkey
1001–1200,Atılım University Turkey Explore
1001–1200,Babeş-Bolyai University Romania
1001–1200,Bandung Institute of Technology (ITB) Indonesia
1001–1200,Bangladesh Agricultural University (BAU) Bangladesh
1001–1200,Beijing Forestry University China
1001–1200,Beijing Jiaotong University China
1001–1200,Beijing University of Technology China
1001–1200,Bezmiâlem Vakif University Turkey
1001–1200,Bowling Green State University United States
1001–1200,University of Brasília Brazil
1001–1200,University of Cadiz Spain
1001–1200,Canterbury Christ Church University United Kingdom
1001–1200,Cardiff Metropolitan University United Kingdom
1001–1200,Technical University of Cartagena Spain
1001–1200,University of Castilla-La Mancha Spain Explore
1001–1200,The Catholic University of Korea South Korea
1001–1200,Universidad Católica San Antonio de Murcia (UCAM) Spain
1001–1200,Central University of Finance and Economics China
1001–1200,Chengdu University China Explore
1001–1200,Chiang Mai University Thailand
1001–1200,Chiba University Japan
1001–1200,China University of Petroleum (East China) China
1001–1200,China Pharmaceutical University China
1001–1200,Chonnam National University South Korea Explore
1001–1200,Chungnam National University South Korea
1001–1200,Chung Yuan Christian University Taiwan
1001–1200,Comenius University in Bratislava Slovakia
1001–1200,University of Concepción Chile
1001–1200,Czech University of Life Sciences Prague (CZU) Czech Republic
1001–1200,Czech Technical University in Prague Czech Republic
1001–1200,Dr B.R. Ambedkar National Institute of Technology Jalandhar India
1001–1200,Duzce University Turkey
1001–1200,Universidade Estadual Paulista (Unesp) Brazil
1001–1200,Fayoum University Egypt
1001–1200,Universidade Federal do ABC (UFABC) Brazil
1001–1200,Federal University of Pelotas Brazil
1001–1200,Federal University of Rio de Janeiro Brazil
1001–1200,Federal University of São Carlos Brazil
1001–1200,Ferdowsi University of Mashhad Iran
1001–1200,University of La Frontera Chile
1001–1200,Fu Jen Catholic University Taiwan
1001–1200,Gdańsk University of Technology Poland
1001–1200,Georgia Southern University United States
1001–1200,University of Ghana Ghana
1001–1200,Guangxi University China
1001–1200,University of Guilan Iran
1001–1200,Guru Jambheshwar University of Science and Technology India
1001–1200,Hamamatsu University School of Medicine Japan
1001–1200,Université Polytechnique Hauts-de-France France
1001–1200,Huaqiao University China
1001–1200,Hyogo College of Medicine Japan
1001–1200,Ibn Tofaïl University Morocco
1001–1200,Ilmenau University of Technology Germany
1001–1200,Incheon National University South Korea
1001–1200,Indian Institute of Technology Bhubaneswar India
1001–1200,Indian Institute of Technology (Indian School of Mines) Dhanbad India
1001–1200,Indian Institute of Science Education and Research Bhopal India
1001–1200,Indian Institute of Technology Mandi India
1001–1200,Inha University South Korea
1001–1200,The Islamia University of Bahawalpur Pakistan
1001–1200,Istanbul University Turkey
1001–1200,Jamia Hamdard University India
1001–1200,University of Jeddah Saudi Arabia Explore
1001–1200,Jeonbuk National University South Korea Explore
1001–1200,Jianghan University China
1001–1200,Jilin University China Explore
1001–1200,Kanazawa University Japan
1001–1200,Kaohsiung Medical University Taiwan
1001–1200,Karabük University Turkey
1001–1200,Kharkiv National University of Radio Electronics Ukraine Explore
1001–1200,King Faisal University Saudi Arabia
1001–1200,King George’s Medical University India
1001–1200,KL University India
1001–1200,K.N. Toosi University of Technology Iran
1001–1200,Kumamoto University Japan
1001–1200,Kwame Nkrumah University of Science and Technology Ghana
1001–1200,Kyoto Prefectural University of Medicine Japan
1001–1200,University of Lahore Pakistan
1001–1200,University of Las Palmas de Gran Canaria Spain
1001–1200,Lebanese University Lebanon
1001–1200,University of León Spain
1001–1200,Lorestan University Iran
1001–1200,Lovely Professional University India Explore
1001–1200,University of Malaga Spain
1001–1200,Universiti Malaysia Perlis Malaysia
1001–1200,Manipal Academy of Higher Education India
1001–1200,University of Manouba Tunisia
1001–1200,University of Maribor Slovenia
1001–1200,University of Mazandaran Iran
1001–1200,Medical University of Bialystok Poland
1001–1200,Medical University of Warsaw Poland
1001–1200,Minia University Egypt
1001–1200,Mississippi State University United States
1001–1200,Morgan State University United States
1001–1200,University of Mumbai India
1001–1200,University of Murcia Spain
1001–1200,Nagasaki University Japan
1001–1200,Nanjing University of Aeronautics and Astronautics China
1001–1200,National Central University Taiwan
1001–1200,National Chengchi University Taiwan
1001–1200,National University of Colombia Colombia
1001–1200,National Dong Hwa University Taiwan Explore
1001–1200,"National Institute of Technology, Tiruchirappalli India"
1001–1200,National University of San Martín Argentina
1001–1200,National Taipei University of Technology Taiwan Explore
1001–1200,National Yunlin University of Science and Technology Taiwan
1001–1200,Nicolaus Copernicus University in Toruń Poland
1001–1200,North China Electric Power University China
1001–1200,Northwest University China
1001–1200,Oakland University United States
1001–1200,Óbuda University Hungary
1001–1200,Ocean University of China China
1001–1200,Okayama University Japan
1001–1200,Osmania University India
1001–1200,Ozyegin University Turkey
1001–1200,Pavol Jozef Šafárik University in Košice Slovakia
1001–1200,Universitas Pendidikan Indonesia Indonesia
1001–1200,Polytechnic Institute of Porto Portugal
1001–1200,Pondicherry University India
1001–1200,Pontifical Catholic University of Peru Peru
1001–1200,Pontifical Catholic University of Valparaíso Chile
1001–1200,Pontifícia Universidade Católica do Paraná Brazil
1001–1200,University of Primorska Slovenia
1001–1200,Public University of Navarre Spain
1001–1200,University of Puerto Rico Puerto Rico
1001–1200,University of the Punjab Pakistan
1001–1200,University Rey Juan Carlos Spain
1001–1200,Riga Technical University Latvia
1001–1200,Rikkyo University Japan
1001–1200,Robert Gordon University United Kingdom
1001–1200,Rowan University United States
1001–1200,Université Saint-Joseph de Beyrouth Lebanon
1001–1200,Saitama Medical University Japan
1001–1200,San Jose State University United States
1001–1200,University of Sargodha Pakistan
1001–1200,SASTRA University India
1001–1200,Sechenov University Russian Federation
1001–1200,Semnan University Iran
1001–1200,University of Seoul South Korea
1001–1200,University of Seville Spain
1001–1200,​Shahid Chamran University of Ahvaz Iran
1001–1200,Shahrekord University Iran
1001–1200,Shahrood University of Technology Iran
1001–1200,Shanghai Maritime University China
1001–1200,Shiga University of Medical Science Japan
1001–1200,Siberian Federal University Russian Federation
1001–1200,University of Social Welfare and Rehabilitation Sciences Iran
1001–1200,Sogang University South Korea
1001–1200,University of the South Pacific Fiji
1001–1200,South Ural State University Russian Federation
1001–1200,University of South Wales United Kingdom
1001–1200,Southwest Jiaotong University China Explore
1001–1200,University of Split Croatia
1001–1200,Sri Venkateswara University India
1001–1200,Staffordshire University United Kingdom Explore
1001–1200,St Marianna University School of Medicine Japan
1001–1200,SWPS University of Social Sciences and Humanities Poland
1001–1200,Tallinn University Estonia
1001–1200,Tanta University Egypt
1001–1200,Technological University Dublin Ireland
1001–1200,University of Technology of Compiègne France
1001–1200,University of Technology of Troyes France
1001–1200,Teesside University United Kingdom
1001–1200,Texas State University United States
1001–1200,Tezpur University India
1001–1200,Tokyo University of Agriculture and Technology Japan
1001–1200,Tokyo Medical University Japan
1001–1200,Tshwane University of Technology South Africa
1001–1200,University of Tunis El Manar Tunisia
1001–1200,Universiti Tunku Abdul Rahman (UTAR) Malaysia Explore
1001–1200,Ural Federal University Russian Federation
1001–1200,Urmia University Iran
1001–1200,"Vietnam National University, Hanoi Vietnam Explore"
1001–1200,University of Vigo Spain
1001–1200,Vilnius Gediminas Technical University (Vilnius Tech) Lithuania
1001–1200,"Visvesvaraya National Institute of Technology, Nagpur India"
1001–1200,Volgograd State Technical University Russian Federation
1001–1200,University of West Bohemia Czech Republic
1001–1200,University of Wolverhampton United Kingdom
1001–1200,Xiangtan University China Explore
1001–1200,Yangzhou University China Explore
1001–1200,Yıldız Technical University Turkey Explore
1001–1200,University of Zagreb Croatia
1001–1200,Zanjan University of Medical Sciences Iran
1001–1200,University of Zaragoza Spain
1001–1200,Zhejiang University of Technology China
1001–1200,University of Žilina Slovakia
1201,University of Abou Bekr Belkaïd Tlemcen Algeria
1201,Acıbadem University Turkey
1201,Adolfo Ibáñez University Chile
1201,AGH University of Science and Technology Poland
1201,Universitas Airlangga Indonesia Explore
1201,Akdeniz University Turkey
1201,Akita University Japan
1201,Aksaray University Turkey
1201,Alexandru Ioan Cuza University Romania
1201,Al-Farabi Kazakh National University Kazakhstan
1201,University of Alicante Spain
1201,Alzahra University Iran
1201,Amity University India
1201,Anadolu University Turkey
1201,"University of the Andes, Venezuela Venezuela"
1201,Andhra University India
1201,Universidad Andrés Bello (UNAB) Chile
1201,Ankara University Turkey
1201,Annamalai University India
1201,Aoyama Gakuin University Japan
1201,"Arab Academy for Science, Technology and Maritime Transport Egypt"
1201,Arak University Iran
1201,Ariel University Israel
1201,Austral University of Chile Chile
1201,Universidad Autónoma del Estado de Hidalgo Mexico
1201,Universidad Autónoma del Estado de Mexico (UAEMex) Mexico
1201,Universidad Autónoma del Estado de Morelos Mexico
1201,Universidad Autónoma de Nuevo León (UANL) Mexico
1201,Universidad Autónoma de Querétaro Mexico
1201,Universidad Autónoma de Yucatán Mexico
1201,Autonomous University of Baja California Mexico Explore
1201,Autonomous University of Sinaloa Mexico Explore
1201,Badji Mokhtar University – Annaba Algeria
1201,University of Baghdad Iraq
1201,Bahauddin Zakariya University Pakistan
1201,Baku State University Azerbaijan
1201,Banasthali University India Explore
1201,Bangladesh University of Engineering and Technology Bangladesh
1201,Bashkir State University Russian Federation
1201,Başkent University Turkey
1201,University of Basrah Iraq
1201,University of Béjaïa Algeria
1201,Belarusian State University Belarus
1201,Belgorod State National Research University Russian Federation
1201,Benemérita Universidad Autónoma de Puebla Mexico
1201,BINUS University Indonesia
1201,University of Bío-Bío Chile
1201,University of Birjand Iran
1201,University of Biskra Algeria
1201,Blida 1 University Algeria
1201,Bolu Abant Izzet Baysal University Turkey
1201,University of Botswana Botswana
1201,University of Brawijaya Indonesia
1201,Brno University of Technology Czech Republic
1201,Bu-Ali Sina University Iran
1201,University of Bucharest Romania
1201,Budapest University of Technology and Economics Hungary
1201,Burapha University Thailand Explore
1201,University of Burgos Spain
1201,Bursa Uludağ University Turkey
1201,University of Calcutta India
1201,University of Carthage Tunisia
1201,Catholic University of the North Chile
1201,University of Caxias do Sul Brazil
1201,Ceará State University Brazil
1201,Chang Gung University of Science and Technology Taiwan
1201,Chaoyang University of Technology Taiwan
1201,"University of Chemistry and Technology, Prague Czech Republic"
1201,University of Chester United Kingdom
1201,Chiba Institute of Technology Japan
1201,Chubu University Japan
1201,Chungbuk National University South Korea Explore
1201,Chuo University Japan
1201,Cochin University of Science and Technology India
1201,University of Colorado Colorado Springs United States
1201,Comillas Pontifical University Spain
1201,Corvinus University of Budapest Hungary
1201,Cracow University of Technology Poland
1201,Cukurova University Turkey
1201,Damghan University Iran
1201,University of Dar es Salaam Tanzania
1201,De La Salle University Philippines Explore
1201,Del Rosario University Colombia
1201,Democritus University of Thrace Greece
1201,Dicle University Turkey
1201,Diponegoro University Indonesia
1201,Dokkyo Medical University Japan
1201,Dokuz Eylül University Turkey
1201,Doshisha University Japan
1201,Dumlupinar University Turkey
1201,Dunarea de Jos University of Galati Romania
1201,EAFIT University Colombia
1201,Prague University of Economics and Business Czech Republic
1201,Ege University Turkey
1201,Ehime University Japan
1201,The University of Electro-Communications Japan
1201,University of Engineering & Technology (UET) Lahore Pakistan
1201,Erciyes University Turkey
1201,Erzincan Binali Yıldırım University Turkey
1201,Escuela Politécnica Nacional Ecuador
1201,Escuela Superior Politécnica del Litoral Ecuador
1201,Eskişehir Osmangazi University Turkey
1201,Universidade do Estado do Rio de Janeiro (UERJ) Brazil
1201,Universidade do Estado de Santa Catarina Brazil
1201,Universidade Estadual de Maringá Brazil
1201,Universidade Estadual do Oeste do Paraná (Unioeste) Brazil
1201,Far Eastern Federal University Russian Federation
1201,Universidade Federal da Bahia Brazil
1201,Universidade Federal do Ceará (UFC) Brazil
1201,Universidade Federal de Ciências da Saúde de Porto Alegre (UFCSPA) Brazil
1201,Universidade Federal do Triângulo Mineiro Brazil
1201,Federal University of Espírito Santo Brazil
1201,Federal University of Goiás Brazil
1201,Universidade Federal da Grande Dourados Brazil
1201,Federal University of Itajubá Brazil
1201,Universidade Federal de Juiz de Fora Brazil
1201,Federal University of Lavras Brazil
1201,Universidade Federal do Maranhão (UFMA) Brazil
1201,Federal University of Mato Grosso do Sul Brazil
1201,Universidade Federal de Ouro Preto (UFOP) Brazil
1201,Federal University of Pará Brazil
1201,Universidade Federal do Paraná (UFPR) Brazil
1201,Federal University of Pernambuco Brazil
1201,Federal University of Piauí Brazil
1201,Federal University of Rio Grande do Norte (UFRN) Brazil
1201,Federal Rural University of Pernambuco Brazil
1201,Universidade Federal Rural do Semi-Arido Brazil
1201,Federal University of Santa Maria Brazil
1201,Federal University of Tocantins Brazil
1201,Federal University of Uberlândia Brazil
1201,Federal University of Vales do Jequitinhonha e Mucuri Brazil
1201,Federal University of Viçosa Brazil
1201,Federico Santa María Technical University Chile Explore
1201,Feng Chia University Taiwan
1201,Fluminense Federal University Brazil
1201,Université Frères Mentouri Constantine 1 Algeria
1201,Universidad de las Fuerzas Armadas – ESPE Ecuador
1201,University of Fukui Japan
1201,Fukuoka University Japan
1201,Universitas Gadjah Mada Indonesia
1201,Gazi University Turkey
1201,Gaziantep University Turkey
1201,University of Gdańsk Poland
1201,Gebze Technical University Turkey
1201,"George Emil Palade University of Medicine, Pharmacy, Science, and Technology of Targu Mures Romania"
1201,German University in Cairo Egypt
1201,Gheorghe Asachi Technical University of Iaşi Romania
1201,Gifu University Japan
1201,GITAM University India
1201,Government College University Lahore Pakistan
1201,Grand Valley State University United States
1201,Grigore T. Popa University of Medicine and Pharmacy Romania
1201,University of Guadalajara Mexico Explore
1201,University of Guanajuato Mexico
1201,Gubkin Russian State University of Oil and Gas Russian Federation
1201,Gunma University Japan
1201,Gyeongsang National University South Korea Explore
1201,Hakim Sabzevari University Iran
1201,Hallym University South Korea
1201,Hanoi University of Science and Technology Vietnam
1201,Hasanuddin University Indonesia Explore
1201,The Hashemite University Jordan Explore
1201,Université Hassan 1er Morocco
1201,Université Hassan II de Casablanca Morocco
1201,University of Havana Cuba
1201,Hellenic Open University Greece
1201,Helwan University Egypt
1201,Hosei University Japan
1201,University of Hradec Králové Czech Republic
1201,Hungarian University of Agriculture and Life Sciences Hungary
1201,University of Hyogo Japan
1201,Ibaraki University Japan
1201,Ilia State University Georgia
1201,University of Ilorin Nigeria
1201,Immanuel Kant Baltic Federal University Russian Federation
1201,Universidad Industrial de Santander (UIS) Colombia
1201,Instituto Politécnico Nacional (IPN) Mexico
1201,IPB University Indonesia
1201,Irkutsk State University Russian Federation
1201,I-Shou University Taiwan
1201,Istanbul Medipol University Turkey Explore
1201,Ivane Javakhishvili Tbilisi State University Georgia Explore
1201,Ivan Franko National University of Lviv Ukraine
1201,Ivanovo State University of Chemistry and Technology Russian Federation
1201,Iwate University Japan
1201,Izmir Institute of Technology Turkey
1201,Jan Evangelista Purkyně University Czech Republic
1201,Jawaharlal Nehru Technological University Anantapur (JNTUA) India
1201,Jean Moulin University – Lyon 3 France
1201,Jeju National University South Korea Explore
1201,Kagawa University Japan
1201,Kagoshima University Japan
1201,Kanagawa University Japan
1201,Kanazawa Medical University Japan
1201,Kangwon National University South Korea Explore
1201,Kansai University Japan
1201,University of Karachi Pakistan
1201,Karadeniz Technical University Turkey
1201,Kasetsart University Thailand
1201,Kaunas University of Technology Lithuania
1201,Kazan National Research Technical University Russian Federation
1201,Kazan National Research Technological University Russian Federation
1201,Kharazmi University Iran
1201,Khon Kaen University Thailand
1201,King Mongkut’s Institute of Technology Ladkrabang Thailand
1201,King Mongkut's University of Technology North Bangkok Thailand
1201,Kitasato University Japan
1201,Kocaeli University Turkey
1201,Kochi University Japan
1201,Kochi University of Technology Japan
1201,Kogakuin University Japan
1201,Kookmin University South Korea
1201,Universiti Kuala Lumpur Malaysia
1201,Kunming University of Science and Technology China
1201,Kwansei Gakuin University Japan
1201,Kyoto Sangyo University Japan
1201,Kyoto Institute of Technology Japan
1201,Kyushu Institute of Technology (Kyutech) Japan
1201,Latvia University of Life Sciences and Technologies Latvia
1201,University of Lethbridge Canada
1201,L.N. Gumilyov Eurasian National University Kazakhstan
1201,Lobachevsky State University of Nizhni Novgorod Russian Federation
1201,University of Łódź Poland
1201,Lodz University of Technology Poland
1201,Londrina State University Brazil
1201,Lucian Blaga University of Sibiu Romania
1201,University of Lucknow India
1201,"Lumière University, Lyon 2 France"
1201,Mackenzie Presbyterian University Brazil
1201,Maharaja Sayajirao University of Baroda India
1201,Mahasarakham University Thailand
1201,Universiti Malaysia Sarawak (UNIMAS) Malaysia Explore
1201,Maria Curie-Skłodowska University (UMCS) Poland
1201,Marmara University Turkey
1201,University of Marrakech Cadi Ayyad Morocco
1201,Matej Bel University Slovakia
1201,Meiji University Japan
1201,Meijo University Japan
1201,Mendel University in Brno Czech Republic
1201,M’Hamed Bougara University of Boumerdès Algeria
1201,Universidad Michoacana de San Nicolás de Hidalgo Mexico
1201,Mie University Japan
1201,Ming Chi University of Technology Taiwan
1201,Ming Chuan University Taiwan
1201,MIREA - Russian Technological University Russian Federation
1201,University of Miskolc Hungary
1201,University of Miyazaki Japan
1201,University of Mohamed Boudiaf at M’Sila Algeria
1201,Mohammed V University of Rabat Morocco
1201,University of Monastir Tunisia
1201,University of Montenegro Montenegro
1201,Moscow Aviation Institute Russian Federation
1201,Moscow Polytechnic University Russian Federation
1201,Moscow Power Engineering Institute Russian Federation
1201,Multimedia University Malaysia
1201,Muroran Institute of Technology Japan Explore
1201,Mustansiriyah University Iraq
1201,University of Mysore India
1201,Universidad Nacional del Litoral Argentina
1201,Universidad Nacional Mayor de San Marcos Peru
1201,Nagaoka University of Technology Japan
1201,Nagoya City University Japan
1201,Nagoya Institute of Technology Japan
1201,Nara Medical University Japan
1201,Naresuan University Thailand
1201,National Changhua University of Education Taiwan
1201,National Chiayi University Taiwan
1201,National Chi Nan University Taiwan
1201,National Chin-Yi University of Technology Taiwan
1201,National Chung Cheng University Taiwan Explore
1201,National Chung Hsing University Taiwan
1201,National University of Córdoba Argentina
1201,National University of Cuyo Argentina
1201,National Ilan University Taiwan
1201,National University of Kaohsiung Taiwan
1201,National Research University of Electronic Technology (MIET) Russian Federation
1201,National Research Saratov State University Russian Federation
1201,National University of the South Argentina
1201,National Taipei University Taiwan
1201,National Taiwan Ocean University Taiwan
1201,National Technical University Kharkiv Polytechnic Institute Ukraine
1201,National Technical University of Ukraine – Igor Sikorsky Kyiv Polytechnic Institute Ukraine
1201,National United University Taiwan
1201,Necmettin Erbakan University Turkey
1201,University of Nigeria Nsukka Nigeria
1201,Slovak University of Agriculture in Nitra Slovakia
1201,Nizhny Novgorod State Technical University Russian Federation
1201,University of North Carolina Wilmington United States
1201,"University of the North, Colombia Colombia"
1201,North-Eastern Federal University Russian Federation
1201,Nosov Magnitogorsk State Technical University Russian Federation
1201,Universidade Nove de Julho (Uninove) Brazil Explore
1201,University of Novi Sad Serbia
1201,Novosibirsk State Technical University Russian Federation
1201,Obafemi Awolowo University Nigeria
1201,Ochanomizu University Japan
1201,Oita University Japan
1201,Oles Honchar Dnipro National University Ukraine
1201,Omsk State Technical University Russian Federation
1201,Ondokuz Mayis University Turkey
1201,University of Oradea Romania
1201,Osaka City University Japan
1201,Osaka Institute of Technology Japan
1201,Osaka Medical College Japan
1201,Osaka Prefecture University Japan
1201,University of Ostrava Czech Republic
1201,Universitas Padjadjaran Indonesia
1201,University of Pannonia Hungary
1201,University of Pardubice Czech Republic
1201,Paris Nanterre University France
1201,University of Passo Fundo (UPF) Brazil
1201,University of Pau and Pays de l’Adour France
1201,Pavlov First Saint Petersburg State Medical University Russian Federation
1201,Perm National Research Polytechnic University Russian Federation
1201,Perm State University Russian Federation
1201,University of Pernambuco Brazil
1201,Persian Gulf University Iran
1201,Pirogov Russian National Research Medical University Russian Federation
1201,PMAS Arid Agriculture University Rawalpindi Pakistan
1201,Universidad Politécnica Salesiana Ecuador
1201,Polytechnic University of Bucharest Romania
1201,Polytechnic University of Timişoara Romania
1201,Pontifical Catholic University of Minas Gerais Brazil
1201,Universidad Pontificia Bolivariana (UPB) Colombia
1201,Port Said University Egypt
1201,Poznań University of Technology Poland
1201,Prince of Songkla University Thailand
1201,Privolzhsky Research Medical University Russian Federation
1201,PSG College of Technology India
1201,Purdue University Northwest United States
1201,Qassim University Saudi Arabia Explore
1201,Razi University Iran
1201,Recep Tayyip Erdoğan University Turkey
1201,University of Rijeka Croatia
1201,Ritsumeikan University Japan
1201,Russian Presidential Academy of National Economy and Public Administration Russian Federation
1201,Ryukoku University Japan
1201,University of the Ryukyus Japan
1201,Rzeszów University of Technology Poland
1201,University of La Sabana Colombia
1201,Saga University Japan
1201,Saitama University Japan
1201,Sakarya University Turkey Explore
1201,Samara National Research University (Samara University) Russian Federation
1201,Samara State Technical University Russian Federation
1201,San Sebastián University Chile
1201,"University of Santiago, Chile (USACH) Chile"
1201,Sapporo Medical University Japan
1201,Satbayev University Kazakhstan
1201,Sathyabama Institute of Science and Technology India Explore
1201,University of Science and Technology of Oran Mohamed-Boudiaf Algeria
1201,Universitas Sebelas Maret Indonesia
1201,Selçuk University Turkey
1201,Semnan University of Medical Sciences and Health Services Iran
1201,Seoul National University of Science and Technology (SeoulTech) South Korea
1201,University of Sfax Tunisia
1201,Shahed University Iran
1201,Shahid Bahonar University of Kerman Iran
1201,Shahid Rajaee Teacher Training University Iran
1201,University of Shanghai for Science and Technology China
1201,Shibaura Institute of Technology Japan
1201,Shimane University Japan
1201,Shinshu University Japan
1201,Shizuoka University Japan
1201,University of Shizuoka Japan
1201,Showa University Japan
1201,Siksha ‘O’ Anusandhan India
1201,Silesian University of Technology Poland
1201,Silpakorn University Thailand
1201,University of Sistan and Baluchestan Iran
1201,Sivas Cumhuriyet University Turkey
1201,Slovak University of Technology in Bratislava Slovakia
1201,Sofia University Bulgaria
1201,University of Sonora Mexico
1201,Soonchunhyang University South Korea
1201,Soongsil University South Korea
1201,Sophia University Japan Explore
1201,University of Sousse Tunisia
1201,University of South China China
1201,Southern Federal University Russian Federation
1201,Southwest Petroleum University China
1201,Southwest State University Russian Federation
1201,Srinakharinwirot University Thailand
1201,SRM Institute of Science and Technology India
1201,State University of Ponta Grossa Brazil
1201,State University of Santa Cruz Brazil
1201,St Petersburg Electrotechnical University (LETI) Russian Federation
1201,Süleyman Demirel University Turkey
1201,Suranaree University of Technology Thailand
1201,Taif University Saudi Arabia
1201,University of Talca Chile
1201,Tamil Nadu Agricultural University India
1201,Tamkang University Taiwan
1201,University of Tarapacá Chile
1201,Taras Shevchenko National University of Kyiv Ukraine
1201,Technical University of Cluj-Napoca Romania
1201,Technical University of Košice Slovakia
1201,Technical University of Liberec Czech Republic
1201,Technical University of Loja Ecuador
1201,Technical University of Sofia Bulgaria
1201,Universidade Tecnológica Federal do Paraná (UTFPR) Brazil
1201,Universiti Teknikal Malaysia Melaka Malaysia
1201,Universiti Teknologi MARA Malaysia
1201,Institut Teknologi Sepuluh Nopember Indonesia
1201,Telkom University Indonesia
1201,Thammasat University Thailand Explore
1201,TOBB University of Economics and Technology Turkey
1201,Toho University Japan
1201,Tokai University Japan
1201,Tokat Gaziosmanpaşa University Turkey
1201,Tokushima University Japan
1201,Tokyo University of Agriculture Japan
1201,Tokyo City University Japan
1201,Tokyo Denki University Japan
1201,Tokyo University of Marine Science and Technology Japan
1201,Tokyo University of Pharmacy and Life Sciences Japan
1201,Tokyo University of Science Japan Explore
1201,Tomas Bata University in Zlín Czech Republic
1201,Tomsk State University of Control Systems and Radioelectronics Russian Federation
1201,Tottori University Japan
1201,University of Toyama Japan
1201,Toyo University Japan
1201,Toyohashi University of Technology (TUT) Japan
1201,Transilvania University of Brașov Romania
1201,Tunghai University Taiwan
1201,University of Tyumen Russian Federation
1201,Tzu Chi University Taiwan Explore
1201,Ufa State Aviation Technical University Russian Federation
1201,Unisinos University Brazil
1201,Universiti Malaysia Terengganu (UMT) Malaysia
1201,Universiti Tun Hussein Onn Malaysia (UTHM) Malaysia
1201,Utsunomiya University Japan
1201,University of Valladolid Spain
1201,University of Valparaíso Chile
1201,"University of Veterinary and Animal Sciences, Lahore Pakistan"
1201,Vietnam National University (Ho Chi Minh City) Vietnam Explore
1201,V.N. Karazin Kharkiv National University Ukraine
1201,Voronezh State University Russian Federation
1201,VSB - Technical University of Ostrava Czech Republic Explore
1201,Vytautas Magnus University Lithuania
1201,University of Warmia and Mazury in Olsztyn Poland
1201,Warsaw University of Life Sciences – SGGW Poland
1201,Warsaw University of Technology Poland
1201,Western Kentucky University United States
1201,Western Michigan University United States
1201,West University of Timişoara Romania
1201,Wrocław University of Environmental and Life Sciences Poland
1201,Wrocław University of Science and Technology Poland
1201,University of Wrocław Poland
1201,Yamagata University Japan
1201,Yamaguchi University Japan
1201,University of Yamanashi Japan
1201,Yanshan University China
1201,Yarmouk University Jordan
1201,Yazd University Iran
1201,Yeditepe University Turkey
1201,Yokohama National University Japan
1201,Yuan Ze University Taiwan
1201,Yuri Gagarin State Technical University of Saratov (SSTU) Russian Federation
1201,Yuriy Fedkovych Chernivtsi National University Ukraine
1201,Zonguldak Bülent Ecevit University Turkey
Reporter,Université 8 Mai 1945 Guelma Algeria
Reporter,University Abdelhamid Ibn Badis Mostaganem Algeria
Reporter,Abdullah Gül University Turkey
Reporter,Abertay University United Kingdom
Reporter,Ada Kent University Northern Cyprus
Reporter,Adelphi University United States
Reporter,African School of Economics Benin
Reporter,Ahl Al Bayt University Iraq
Reporter,Aichi Prefectural University Japan
Reporter,Aichi Institute of Technology Japan
Reporter,Ajman University United Arab Emirates
Reporter,Akita Prefectural University Japan
Reporter,Al Ahliyya Amman University Jordan
Reporter,Al Ain University United Arab Emirates Explore
Reporter,Al-Furat Al-Awsat Technical University Iraq
Reporter,University of Alkafeel Iraq
Reporter,Al-Maarif University College Iraq
Reporter,Almazov National Medical Research Centre Russian Federation
Reporter,Al-Muthanna University Iraq
Reporter,Al-Nahrain University Iraq
Reporter,Al-Nisour University College Iraq
Reporter,University of Al-Qadisiyah Iraq
Reporter,Al-Quds University Palestine
Reporter,Altai State University Russian Federation
Reporter,Altınbaş University Turkey
Reporter,Al-Zaytoonah University of Jordan Jordan
Reporter,Anáhuac University Mexico
Reporter,University of Anbar Iraq
Reporter,Antonio Nariño University Colombia
Reporter,Applied Science Private University Jordan Explore
Reporter,Arab American University Palestine
Reporter,Arabian Gulf University Bahrain Explore
Reporter,Armenian State University of Economics Armenia
Reporter,Arts University Bournemouth United Kingdom
Reporter,University of the Arts London United Kingdom
Reporter,Arturo Prat University Chile
Reporter,Asahi University Japan
Reporter,Ashikaga University Japan
Reporter,Ateneo de Manila University Philippines
Reporter,Austral University Argentina
Reporter,Autonomous University of Chiapas Mexico
Reporter,Azerbaijan State University of Economics Azerbaijan
Reporter,University of Babylon Iraq
Reporter,Badr University in Cairo (BUC) Egypt
Reporter,University of Bahrain Bahrain
Reporter,Bahria University Pakistan
Reporter,Bakrie University Indonesia
Reporter,University of Balamand Lebanon
Reporter,University of Balochistan Pakistan
Reporter,Banking University Ukraine
Reporter,Basrah University College of Science and Technology Iraq
Reporter,Bath Spa University United Kingdom
Reporter,Beirut Arab University Lebanon
Reporter,Belarusian State University of Informatics and Radioelectronics Belarus
Reporter,Bernardo O’Higgins University Chile
Reporter,Bharath Institute of Higher Education and Research India
Reporter,Birzeit University Palestine
Reporter,Bishop Grosseteste University United Kingdom
Reporter,University of Bogotá Jorge Tadeo Lozano Colombia
Reporter,University of Bolton United Kingdom
Reporter,The British University in Egypt Egypt
Reporter,B. S. Abdur Rahman Crescent Institute of Science and Technology India
Reporter,University of Buckingham United Kingdom
Reporter,Buckinghamshire New University United Kingdom
Reporter,Bukkyo University Japan
Reporter,Canadian International College (CIC) – Cairo Egypt
Reporter,"Capital University of Science and Technology, Islamabad Pakistan"
Reporter,Universidad Católica de la Santísima Concepción Chile
Reporter,CBS International Business School Germany
Reporter,University of Celaya Mexico
Reporter,Central European University Austria
Reporter,CES University Colombia
Reporter,CETYS Universidad Mexico Explore
Reporter,Chernihiv National University of Technology Ukraine
Reporter,University of Chichester United Kingdom
Reporter,Chitkara University India Explore
Reporter,Christ University Bengaluru India India
Reporter,University of Colima Mexico
Reporter,Conservatoire for Dance and Drama United Kingdom
Reporter,University of la Costa Colombia
Reporter,Courtauld Institute of Art United Kingdom
Reporter,Cranfield University United Kingdom
Reporter,University for the Creative Arts United Kingdom
Reporter,University of Cumbria United Kingdom
Reporter,University of Cyberjaya Malaysia
Reporter,Daffodil International University (DIU) Bangladesh
Reporter,Daito Bunka University Japan
Reporter,Damanhour University Egypt
Reporter,Damietta University Egypt
Reporter,Daneshpajoohan Pishro Higher Education Institute Iran
Reporter,Dawood University of Engineering and Technology Pakistan
Reporter,Deraya University Egypt
Reporter,Derzhavin Tambov State University Russian Federation
Reporter,Dhofar University Oman
Reporter,University of Diyala Iraq
Reporter,Don Bosco University India
Reporter,Donetsk National University of Economics and Trade named after Mykhailo Tuhan-Baranovsky (DonNUET) Ukraine
Reporter,Dostoevsky Omsk State University Russian Federation
Reporter,Dow University of Health Sciences Pakistan
Reporter,University of Duhok Iraq
Reporter,École de Psychologues Praticiens France
Reporter,University of Economics in Bratislava Slovakia
Reporter,Academy of Economic Studies of Moldova Moldova
Reporter,"University of Education, Lahore Pakistan"
Reporter,Effat University Saudi Arabia
Reporter,Egypt-Japan University of Science and Technology (E-JUST) Egypt
Reporter,ESIC Spain Explore
Reporter,Universidade do Estado do Amazonas Brazil
Reporter,Universidade Estadual do Maranhão Brazil
Reporter,Estonian Academy of Arts Estonia
Reporter,Externado University of Colombia Colombia
Reporter,University of Faisalabad Pakistan
Reporter,University of Fallujah Iraq
Reporter,Falmouth University United Kingdom
Reporter,Federal University of Alagoas Brazil
Reporter,Federal University of Paraí­ba (UFPB) Brazil
Reporter,Financial University under the Government of the Russian Federation Russian Federation
Reporter,Finis Terrae University Chile
Reporter,University of Franca Brazil
Reporter,Fukushima University Japan
Reporter,Full Sail University United States
Reporter,Future University in Egypt Egypt
Reporter,Ghulam Ishaq Khan Institute of Engineering Sciences and Technology Pakistan
Reporter,Glasgow School of Art United Kingdom
Reporter,University of Gloucestershire United Kingdom
Reporter,Gomal University Pakistan
Reporter,Government College Women University Faisalabad Pakistan
Reporter,"Government College Women University, Sialkot Pakistan"
Reporter,"The Graduate University for Advanced Studies, SOKENDAI Japan"
Reporter,Grodno State Medical University Belarus
Reporter,Guildhall School of Music and Drama United Kingdom
Reporter,Hagoromo University of International Studies Japan
Reporter,Hakuoh University Japan
Reporter,Häme University of Applied Sciences Finland
Reporter,Harper Adams University United Kingdom
Reporter,Hawler Medical University Iraq
Reporter,Health Sciences University of Hokkaido Japan
Reporter,"University of Health Sciences, Turkey Turkey"
Reporter,Herzen State Pedagogical University of Russia Russian Federation
Reporter,University of the Highlands and Islands United Kingdom
Reporter,Hindustan Institute of Technology and Science India
Reporter,Hiroshima International University Japan
Reporter,Hiroshima Shudo University Japan
Reporter,Hiroshima Institute of Technology Japan
Reporter,Hitotsubashi University Japan
Reporter,Hokkaido University of Science Japan
Reporter,University of Human Development Iraq
Reporter,Humanitas University Italy Explore
Reporter,Humboldt State University United States
Reporter,Hyogo University of Teacher Education Japan
Reporter,Icesi University Colombia
Reporter,"The ICFAI University, Jharkhand India"
Reporter,IFHE Hyderabad India
Reporter,Ilam University of Medical Sciences Iran
Reporter,Ilma University Pakistan
Reporter,Imam Ja’afar Al-Sadiq University Iraq
Reporter,Indira Gandhi Delhi Technical University for Women India
Reporter,Innopolis University Russian Federation
Reporter,Institute of Cancer Research United Kingdom
Reporter,Institute of Telecommunications and Informatics of Turkmenistan Turkmenistan
Reporter,International Christian University Japan
Reporter,Ion Mincu University of Architecture and Urbanism Romania
Reporter,Irkutsk National Research Technical University Russian Federation
Reporter,Israel Technological University Ecuador
Reporter,Istanbul Aydın University Turkey
Reporter,Istanbul Bilgi University Turkey
Reporter,Ivano Frankivsk National Technical University of Oil and Gas Ukraine
Reporter,Jabir ibn Hayyan Medical University Iraq
Reporter,Japan University of Economics Japan
Reporter,University of Jijel Algeria
Reporter,Jinnah Sindh Medical University Pakistan
Reporter,Jouf University Saudi Arabia
Reporter,Kabardino-Balkarian State University Russian Federation
Reporter,Kadir Has University Turkey Explore
Reporter,Kamianets-Podіlskyi Ivan Ohiienko National University Ukraine
Reporter,Kastamonu University Turkey
Reporter,Kathmandu University Nepal
Reporter,Kazakh National Pedagogical University Abai Kazakhstan
Reporter,Kazan State Medical University Russian Federation
Reporter,Kazan State Power Engineering University Russian Federation
Reporter,Keisen University Japan
Reporter,Kemerovo State University Russian Federation
Reporter,Kenyatta University Kenya
Reporter,University of Kerala India
Reporter,University of Kerbala Iraq
Reporter,Kermanshah University of Technology Iran
Reporter,Khazar University Azerbaijan
Reporter,Khwaja Fareed University of Engineering and Information Technology Pakistan
Reporter,King Edward Medical University Pakistan
Reporter,University of Kirkuk Iraq
Reporter,Kitami Institute of Technology Japan
Reporter,Kobe Gakuin University Japan
Reporter,Kobe International University Japan
Reporter,Kokugakuin University Japan
Reporter,Komazawa University Japan
Reporter,Konan University Japan
Reporter,Konan Women’s University Japan
Reporter,Konya Technical University Turkey
Reporter,Korea Aerospace University South Korea
Reporter,University of Kufa Iraq
Reporter,Kursk State Medical University Russian Federation
Reporter,Kütahya Health Sciences University Turkey
Reporter,Kyiv National Economic University Ukraine
Reporter,Kyoai Gakuen University Japan
Reporter,Kyoto Notre Dame University Japan
Reporter,Kyoto Prefectural University Japan
Reporter,Lagos State University Nigeria
Reporter,La Salle University Colombia
Reporter,University of Las Américas (UDLA) Ecuador
Reporter,Leeds Arts University United Kingdom
Reporter,Leeds Trinity University United Kingdom
Reporter,Lesya Ukrainka Eastern European National University Ukraine
Reporter,Lincoln University College Malaysia
Reporter,Liverpool Hope University United Kingdom
Reporter,Liverpool Institute for Performing Arts United Kingdom
Reporter,The LNM Institute of Information Technology India
Reporter,London Business School United Kingdom
Reporter,London Metropolitan University United Kingdom
Reporter,London School of Hygiene and Tropical Medicine United Kingdom
Reporter,University of Los Lagos Chile
Reporter,Lusophone University of Humanities and Technologies Portugal
Reporter,University of Macerata (UNIMC) Italy
Reporter,Universiti Malaysia Kelantan Malaysia
Reporter,Management Development Institute (MDI) India
Reporter,Management & Science University (MSU) Malaysia
Reporter,University of Management and Technology Pakistan
Reporter,Maritime University of Szczecin Poland
Reporter,Universidad Mayor Chile
Reporter,University of Medellín Colombia
Reporter,Meiji Gakuin University Japan
Reporter,Meikai University Japan
Reporter,Middle Technical University Iraq
Reporter,Mizoram University India
Reporter,"MNS University of Agriculture, Multan Pakistan"
Reporter,Modern University for Business and Science Lebanon
Reporter,University of Monterrey Mexico
Reporter,Moscow State University of Design and Technology Russian Federation
Reporter,Moscow State University of Food Production Russian Federation
Reporter,Moscow State Linguistic University Russian Federation
Reporter,Moscow State University of Technology (STANKIN) Russian Federation
Reporter,University of Mosul Iraq
Reporter,October University for Modern Sciences and Arts (MSA) Egypt
Reporter,Mukogawa Women’s University Japan
Reporter,Musashino University Japan
Reporter,Mutah University Jordan
Reporter,Universidad Nacional de Chimborazo Ecuador
Reporter,Nagoya University of Commerce & Business Japan
Reporter,Nakhchivan State University Azerbaijan
Reporter,Nakhon Ratchasima Rajabhat University Thailand
Reporter,Nara Women’s University Japan
Reporter,National Agrarian University La Molina Peru
Reporter,National Aviation University Ukraine
Reporter,National Institute of Industrial Engineering India Explore
Reporter,National University Odessa Law Academy Ukraine
Reporter,The National University of Ostroh Academy Ukraine
Reporter,National University of Quilmes Argentina
Reporter,National University of Science and Technology Oman
Reporter,National Transport University Ukraine
Reporter,National University of Mongolia Mongolia
Reporter,National University of Water and Environmental Engineering Ukraine
Reporter,National University “Yuri Kondrautyuk Poltava Polytechnic Ukraine
Reporter,NED University of Engineering and Technology Pakistan
Reporter,Newman University United Kingdom
Reporter,Nihon Pharmaceutical University Japan
Reporter,Niigata University of Health and Welfare Japan
Reporter,University of Niigata Prefecture Japan
Reporter,University of Northampton United Kingdom
Reporter,North-Caucasus Federal University Russian Federation
Reporter,Northern Border University Saudi Arabia
Reporter,Northern Technical University Iraq
Reporter,Norwich University of the Arts United Kingdom
Reporter,Notre Dame University Louaize Lebanon
Reporter,University of Nova Gorica Slovenia
Reporter,Nueva Granada Military University Colombia
Reporter,October 6 University Egypt
Reporter,Ogarev Mordovia State University Russian Federation
Reporter,Okayama Prefectural University Japan
Reporter,Université d’Oran 2 Mohamed Ben Ahmed Algeria
Reporter,Orel State Agrarian University named after N.V. Parahin Russian Federation
Reporter,ORT Uruguay University Uruguay
Reporter,Osaka University of Economics and Law Japan
Reporter,Osaka Ohtani University Japan
Reporter,Ostrogradsky National University of Kremenchuk Ukraine
Reporter,Universidad Panamericana (UP) Mexico
Reporter,Universidad Peruana de Ciencias Aplicadas (UPC) Peru
Reporter,Petersburg State Transport University Russian Federation
Reporter,University of Petra Jordan
Reporter,Platov South-Russian State Polytechnic University (NPI) Russian Federation
Reporter,Plymouth Marjon University United Kingdom
Reporter,Poltava V.G. Korolenko National Pedagogical University (PNPU) Ukraine
Reporter,Polytechnic Institute of Setúbal Portugal
Reporter,Pontificia Universidad Católica del Ecuador Ecuador
Reporter,Universidad Popular Autónoma del Estado de Puebla Mexico
Reporter,Prefectural University of Hiroshima Japan
Reporter,Prince Mohammad Bin Fahd University Saudi Arabia Explore
Reporter,Princess Nourah bint Abdulrahman University Saudi Arabia
Reporter,Prince Sultan University (PSU) Saudi Arabia Explore
Reporter,"University of Professional Studies, Accra Ghana"
Reporter,Prydniprovska State Academy of Civil Engineering and Architecture Ukraine
Reporter,University of Puthisastra Cambodia
Reporter,Pyatigorsk State University Russian Federation
Reporter,Queen Margaret University United Kingdom
Reporter,Rajamangala University of Technology Lanna Thailand
Reporter,Ravensbourne United Kingdom
Reporter,Rawalpindi Medical University Pakistan
Reporter,Ritsumeikan Asia Pacific University (APU) Japan
Reporter,The Rockefeller University United States
Reporter,Rose Bruford College United Kingdom
Reporter,Rostov State University of Economics Russian Federation
Reporter,Royal Academy of Music United Kingdom
Reporter,Royal Agricultural University United Kingdom
Reporter,"Royal Central School of Speech and Drama, University of London United Kingdom"
Reporter,Royal College of Art United Kingdom
Reporter,Royal College of Music United Kingdom
Reporter,Royal Conservatoire of Scotland United Kingdom
Reporter,Royal Northern College of Music United Kingdom
Reporter,Russian State Social University Russian Federation
Reporter,Ryazan State Medical University Russian Federation
Reporter,University of Sadat City Egypt
Reporter,Saint Petersburg State Pediatric Medical University Russian Federation
Reporter,Saint Petersburg State University of Architecture and Civil Engineering Russian Federation
Reporter,"Saint Thomas University, Colombia Colombia"
Reporter,Samara State Medical University Russian Federation
Reporter,Universidad San Ignacio de Loyola Peru
Reporter,University of San Martín de Porres Peru
Reporter,University of Santander Colombia
Reporter,Sapporo Gakuin University Japan
Reporter,Saratov State Medical University Russian Federation
Reporter,Sasin School of Management Thailand
Reporter,Satya Wacana Christian University Indonesia
Reporter,Saudi Electronic University Saudi Arabia
Reporter,SBS Swiss Business School Switzerland
Reporter,Universidad Científica del Sur Peru
Reporter,Seinan Gakuin University Japan
Reporter,Seisa Dohto University Japan
Reporter,Senshu University Japan
Reporter,University of La Serena Chile
Reporter,Setsunan University Japan
Reporter,SGH Warsaw School of Economics Poland
Reporter,The University of Shiga Prefecture Japan
Reporter,Shonan Institute of Technology Japan
Reporter,Shoolini University of Biotechnology and Management Sciences India
Reporter,Shri Mata Vaishno Devi University India
Reporter,Siberian State Industrial University Russian Federation
Reporter,Silesian University in Opava Czech Republic
Reporter,Simón Bolívar University (Colombia) Colombia
Reporter,Skolkovo Institute of Science and Technology (Skoltech) Russian Federation
Reporter,Sohar University Oman
Reporter,Soka University Japan
Reporter,"Solent University, Southampton United Kingdom"
Reporter,Soran University Iraq
Reporter,University of South Santa Catarina (Unisul) Brazil
Reporter,Sri Lanka Institute of Information Technology Sri Lanka
Reporter,State University of Bahia Brazil
Reporter,St Luke’s International University Japan
Reporter,"St Mary’s University College, Belfast United Kingdom"
Reporter,"St Mary’s University, Twickenham United Kingdom"
Reporter,Stranmillis University College United Kingdom
Reporter,Suez University Egypt
Reporter,University of Suffolk United Kingdom
Reporter,Sugiyama Jogakuen University Japan
Reporter,University of Sumatera Utara Indonesia
Reporter,University of Sunderland United Kingdom
Reporter,University of Taipei Taiwan
Reporter,Takushoku University Japan
Reporter,Tama Art University Japan
Reporter,Tarbiat Modares University Iran
Reporter,Tashkent Institute of Finance Uzbekistan
Reporter,Tashkent Institute of Irrigation and Agricultural Mechanisation Uzbekistan
Reporter,Tashkent Medical Academy Uzbekistan
Reporter,Tashkent Pediatric Medical Institute Uzbekistan
Reporter,Tashkent Pharmaceutical Institute Uzbekistan
Reporter,Tashkent State University of Economics Uzbekistan
Reporter,Tashkent State University of Law Uzbekistan
Reporter,Tata Institute of Fundamental Research India
Reporter,Tatung University Taiwan
Reporter,Technological University of Pereira Colombia
Reporter,Tecmilenio University Mexico
Reporter,Universidad Tecnológica de Bolívar Colombia
Reporter,Instituto Tecnológico de Buenos Aires (ITBA) Argentina
Reporter,Tecnológico de Costa Rica Costa Rica
Reporter,Instituto Tecnológico Metropolitano Colombia
Reporter,Teikyo Heisei University Japan
Reporter,Temuco Catholic University Chile
Reporter,Tenri University Japan
Reporter,Texas A&M University-Commerce United States
Reporter,University of the Thai Chamber of Commerce Thailand
Reporter,The University of Danang Vietnam
Reporter,Tikrit University Iraq
Reporter,Togliatti State University Russian Federation
Reporter,Tohoku Gakuin University Japan
Reporter,Tokyo University of Foreign Studies Japan
Reporter,Tokyo University of Technology Japan
Reporter,Torcuato Di Tella University Argentina
Reporter,Toyama Prefectural University Japan
Reporter,Trinity Laban Conservatoire of Music and Dance United Kingdom
Reporter,University of Tripoli Libya
Reporter,Tsuru University Japan
Reporter,Turin Polytechnic University in Tashkent Uzbekistan
Reporter,Tver State University Russian Federation
Reporter,Tver State Technical University Russian Federation
Reporter,Ubon Ratchathani University Thailand
Reporter,"UEES, Espiritu Santo University Ecuador Explore"
Reporter,Ufa State Petroleum Technological University Russian Federation
Reporter,Ulyanovsk State University Russian Federation
Reporter,Ulyanovsk State Technical University Russian Federation
Reporter,Unichristus Brazil
Reporter,United International University Bangladesh
Reporter,Universidad del Pacífico Ecuador Ecuador
Reporter,Universidade Federal de Jataí (UFJ) Brazil
Reporter,Universitas Negeri Surabaya Indonesia
Reporter,University of Mostar Bosnia and Herzegovina
Reporter,University of Namibia Namibia
Reporter,UNNOBA Argentina
Reporter,Urgench State University Uzbekistan
Reporter,Uruk University Iraq
Reporter,Uşak University Turkey
Reporter,Üsküdar University Turkey
Reporter,Universidad UTE Ecuador
Reporter,National University of Uzbekistan named after Mirzo Ulugbek Uzbekistan
Reporter,Uzhhorod National University Ukraine
Reporter,Valahia University of Targoviste Romania
Reporter,University of Vale do Itajaí Brazil
Reporter,Varna University of Management Bulgaria
Reporter,Vila Velha University Brazil
Reporter,Vitebsk State Medical University Belarus
Reporter,V.I. Vernadsky Crimean Federal University (Vernadsky CFU) Ukraine
Reporter,Volgograd State University Russian Federation
Reporter,Voronezh State Technical University Russian Federation
Reporter,Walailak University Thailand
Reporter,University of Wales United Kingdom
Reporter,University of Wales Trinity Saint David United Kingdom
Reporter,Western Caspian University Azerbaijan Explore
Reporter,University of West London United Kingdom
Reporter,West Ukrainian National University Ukraine
Reporter,WHU: Beisheim Germany
Reporter,University of Winchester United Kingdom
Reporter,The Women University Multan Pakistan
Reporter,University of Worcester United Kingdom
Reporter,World University of Bangladesh (WUB) Bangladesh
Reporter,Wrexham Glyndwr University United Kingdom
Reporter,Writtle University College United Kingdom
Reporter,WSB Academy Poland
Reporter,Yamaguchi Prefectural University Japan
Reporter,Yamanashi Gakuin University Japan
Reporter,Yaşar University Turkey
Reporter,Yenepoya University India
Reporter,Yogyakarta State University Indonesia
Reporter,York St John University United Kingdom
Reporter,Ziauddin University Pakistan
